[
  {
    "Id": "1492966",
    "ThreadId": "661469",
    "Html": "This project is really REALLY helpful, yet there are rooms for improvements. \r<br />\n<br />\nI've forked the project to github, <a href=\"https://github.com/JsonCSharpClassGenerator/JsonCSharpClassGenerator/\" rel=\"nofollow\">https://github.com/JsonCSharpClassGenerator/JsonCSharpClassGenerator/</a>, and have made it my first priority to consolidate all 18 Forks listed on the <a href=\"https://jsonclassgenerator.codeplex.com/\" rel=\"nofollow\">https://jsonclassgenerator.codeplex.com/</a> to the github repo. See --\r<br />\n<a href=\"https://github.com/JsonCSharpClassGenerator/JsonCSharpClassGenerator/projects/1\" rel=\"nofollow\">https://github.com/JsonCSharpClassGenerator/JsonCSharpClassGenerator/projects/1</a>\r<br />\n<br />\nMeanwhile, any one has unpublished or interesting enhancements, please chip in at <a href=\"https://github.com/JsonCSharpClassGenerator/JsonCSharpClassGenerator\" rel=\"nofollow\">https://github.com/JsonCSharpClassGenerator/JsonCSharpClassGenerator</a>\r<br />\n<br />\nThanks<br />\n",
    "PostedDate": "2017-02-20T06:43:00.58-08:00",
    "UserRole": null,
    "MarkedAsAnswerDate": null
  }
]