[
  {
    "Id": "360715",
    "Title": "how to use generated classes",
    "LatestDate": "2012-06-23T23:34:20.597-07:00"
  },
  {
    "Id": "394855",
    "Title": "Factoring basic functionality into a library?",
    "LatestDate": "2012-09-08T10:42:47.043-07:00"
  },
  {
    "Id": "435131",
    "Title": "What Additional Value Does Your Implementation Provide Over The One Already Provided By Microsoft?",
    "LatestDate": "2013-04-04T07:54:25.493-07:00"
  },
  {
    "Id": "528404",
    "Title": "error - unable to generate the code",
    "LatestDate": "2014-01-30T03:32:42.323-08:00"
  },
  {
    "Id": "535650",
    "Title": "I made a web version of this tool",
    "LatestDate": "2014-12-01T13:06:42.277-08:00"
  },
  {
    "Id": "545312",
    "Title": "Support code generation from schema",
    "LatestDate": "2014-05-14T05:37:25.82-07:00"
  },
  {
    "Id": "554884",
    "Title": "Command line version?",
    "LatestDate": "2014-12-03T01:09:14.17-08:00"
  },
  {
    "Id": "576076",
    "Title": "About arrays in object",
    "LatestDate": "2014-12-22T12:20:15.537-08:00"
  },
  {
    "Id": "661469",
    "Title": "New GitHub Forked Project",
    "LatestDate": "2017-02-20T06:43:00.58-08:00"
  }
]