[
  {
    "Id": "1335587",
    "ThreadId": "576076",
    "Html": "This seems like a very neat tool, but I have a question about how it deals with arrays of pairs. It may be normal behavior or I may be doing something wrong, but it seems very odd. Lets see if I can make it short.\r<br />\n<br />\nIf I take some JSON data like below and run it through the Generator, it produces a class like the one below that.\r<br />\nIf I deserialize that data (using NewtonSoft) I get the object, and it has properties for the first 2 pairs as expected and there are then an ObjectsContents[3] array containing 3 ObjectContent objects (which I think should be name values pairs, but are) array with 3 name value pairs in them. Of each of the 3 pairs, one value is correct and the others ares null. something like the Result here. I don't know. I may be using the JSON wrong. Any suggestions would be appreciated. Thanks, Mike\r<br />\n \r<br />\n*** Result ***\r<br />\n&quot;ObjectID&quot;:&quot;101&quot;,\r<br />\n&quot;ObjectName&quot;:&quot;ObjectNamedO&quot;,\r<br />\nObjectContent[0]<br />\n<pre><code>&quot;Balls&quot;:null \n&quot;Jacks&quot;:&quot;bronze&quot; \n&quot;Strings&quot;:null </code></pre>\n\nObjectContent[1]<br />\n<pre><code>&quot;Balls&quot;:&quot;rubber&quot; \n&quot;Jacks&quot;:null \n&quot;Strings&quot;:null </code></pre>\n\nObjectContent[2]<br />\n<pre><code>&quot;Balls&quot;:null \n&quot;Jacks&quot;:null,\n&quot;Strings&quot;:&quot;Orlon&quot; \n</code></pre>\n\n*** What I want basically ***\r<br />\n&quot;ObjectID&quot;:&quot;101&quot;,\r<br />\n&quot;ObjectName&quot;:&quot;ObjectNamedO&quot;,\r<br />\nObjectContents[3]:<br />\n<pre><code>&quot;Balls&quot;:&quot;rubber&quot;, \n&quot;Jacks&quot;:&quot;bronze&quot;, \n&quot;Strings&quot;:&quot;Orlon&quot; \n</code></pre>\n\n*** Original JSON data entered into Generator ***\r<br />\n{\r<br />\n&quot;ObjectID&quot;:&quot;101&quot;,\r<br />\n&quot;ObjectName&quot;:&quot;ObjectNamedO&quot;,\r<br />\n&quot;ObjectContents&quot;: [\r<br />\n   { &quot;Jacks&quot;:&quot;bronze&quot; },\r<br />\n   { &quot;Balls&quot;:&quot;rubber&quot; },\r<br />\n   { &quot;Strings&quot;:&quot;Orlon&quot; }\r<br />\n]\r<br />\n}\r<br />\n<br />\n*** Classes it created ***\r<br />\ninternal partial class JSON_Objects\r<br />\n{<br />\n<pre><code>internal class ObjectContent\n{\n    [JsonProperty(&quot;Jacks&quot;)]\n    public string Jacks { get; set; }\n\n    [JsonProperty(&quot;Balls&quot;)]\n    public string Balls { get; set; }\n\n    [JsonProperty(&quot;Strings&quot;)]\n    public string Strings { get; set; }\n}</code></pre>\n\n}\r<br />\n<br />\ninternal partial class JSON_Objects\r<br />\n{<br />\n<pre><code>[JsonProperty(&quot;ObjectID&quot;)]\npublic string ObjectID { get; set; }\n\n[JsonProperty(&quot;ObjectName&quot;)]\npublic string ObjectName { get; set; }\n\n[JsonProperty(&quot;ObjectContents&quot;)]\npublic ObjectContent[] ObjectContents { get; set; }</code></pre>\n\n}<br />\n",
    "PostedDate": "2014-12-22T12:20:15.537-08:00",
    "UserRole": null,
    "MarkedAsAnswerDate": null
  }
]