{
  "WorkItem": {
    "AffectedComponent": {
      "Name": "",
      "DisplayName": ""
    },
    "ClosedComment": "",
    "ClosedDate": null,
    "CommentCount": 0,
    "Custom": null,
    "Description": "I would like to extend the generated classes but do not want to modify the generated classes.  Can you add an option or make the classes \"partial\" or default to \"partial\" classes?",
    "LastUpdatedDate": "2015-03-12T12:16:38.367-07:00",
    "PlannedForRelease": "",
    "ReleaseVisibleToPublic": false,
    "Priority": {
      "Name": "Low",
      "Severity": 50,
      "Id": 1
    },
    "ProjectName": "jsonclassgenerator",
    "ReportedDate": "2012-11-02T08:45:16.053-07:00",
    "Status": {
      "Name": "Proposed",
      "Id": 1
    },
    "ReasonClosed": {
      "Name": "Unassigned"
    },
    "Summary": "Make Generated Classes \"partial\"",
    "Type": {
      "Name": "Issue",
      "Id": 3
    },
    "VoteCount": 3,
    "Id": 1298
  },
  "FileAttachments": [],
  "Comments": []
}