{
  "WorkItem": {
    "AffectedComponent": {
      "Name": "",
      "DisplayName": ""
    },
    "ClosedComment": "",
    "ClosedDate": null,
    "CommentCount": 0,
    "Custom": null,
    "Description": "It seems, that ALIAS or DATE are not valid as [identifier](http://msdn.microsoft.com/en-us/library/t99w05f1%28v=vs.90%29.aspx). Could you please change them to ALIAS2 or JSONDATE or something like that?",
    "LastUpdatedDate": "2013-07-30T10:34:15.683-07:00",
    "PlannedForRelease": "",
    "ReleaseVisibleToPublic": false,
    "Priority": {
      "Name": "Unassigned",
      "Severity": 0,
      "Id": 0
    },
    "ProjectName": "jsonclassgenerator",
    "ReportedDate": "2013-07-30T10:34:15.683-07:00",
    "Status": {
      "Name": "Proposed",
      "Id": 1
    },
    "ReasonClosed": {
      "Name": "Unassigned"
    },
    "Summary": "Don't use ALIAS or DATE as identifier for VB.NET",
    "Type": {
      "Name": "Unassigned",
      "Id": 5
    },
    "VoteCount": 1,
    "Id": 1301
  },
  "FileAttachments": [],
  "Comments": []
}