[
  {
    "Id": "0",
    "Name": "JSON CSharp Class Generator 1.3",
    "DevelopmentStatus": "Beta",
    "Description": "* *Support for native JSON.net serializer/deserializer (POCO)*\n* New classes layout option: nested classes\n* Better handling of secondary classes",
    "ReleasedDatge": "0001-01-01T00:00:00",
    "ModifiedDate": "2012-08-08T05:01:24.983-07:00",
    "Files": [
      {
        "Id": "c67cc37d-782e-4796-9f41-51b6f0565e84",
        "FileName": "JsonCSharpClassGenerator.zip",
        "Url": "./0/c67cc37d-782e-4796-9f41-51b6f0565e84",
        "Type": "Application",
        "UploadDate": "2012-08-08T05:01:24.5-07:00"
      }
    ]
  },
  {
    "Id": "1",
    "Name": "JSON CSharp Class Generator 1.2",
    "DevelopmentStatus": "Beta",
    "Description": "Fixed NullReferenceException with some json files.",
    "ReleasedDatge": "0001-01-01T00:00:00",
    "ModifiedDate": "2012-08-08T02:00:37.817-07:00",
    "Files": [
      {
        "Id": "637397db-d3b7-4ac7-903b-f525f2ccdf77",
        "FileName": "JsonCSharpClassGenerator.zip",
        "Url": "./1/637397db-d3b7-4ac7-903b-f525f2ccdf77",
        "Type": "Application",
        "UploadDate": "2012-08-08T02:00:37.457-07:00"
      }
    ]
  },
  {
    "Id": "2",
    "Name": "JSON CSharp Class Generator 1.1",
    "DevelopmentStatus": "Beta",
    "Description": "JSON C# Class Generator 1.1",
    "ReleasedDatge": "0001-01-01T00:00:00",
    "ModifiedDate": "2010-11-17T10:58:32.37-08:00",
    "Files": [
      {
        "Id": "030ccd43-36c0-4695-9a93-0dbb8b7218ab",
        "FileName": "JsonCSharpClassGenerator.zip",
        "Url": "./2/030ccd43-36c0-4695-9a93-0dbb8b7218ab",
        "Type": "Application",
        "UploadDate": "2010-11-17T10:58:32.23-08:00"
      }
    ]
  },
  {
    "Id": "3",
    "Name": "JSON CSharp Class Generator 1.1 (Source code)",
    "DevelopmentStatus": "Beta",
    "Description": "Standalone application, requires .NET 3.5",
    "ReleasedDatge": "0001-01-01T00:00:00",
    "ModifiedDate": "2010-11-17T10:59:48.617-08:00",
    "Files": [
      {
        "Id": "60ee3e3e-e574-4e05-9818-64b79312abd0",
        "FileName": "JsonCSharpClassGenerator_Source.zip",
        "Url": "./3/60ee3e3e-e574-4e05-9818-64b79312abd0",
        "Type": "Source Code",
        "UploadDate": "2010-11-17T10:59:48.447-08:00"
      }
    ]
  },
  {
    "Id": "4",
    "Name": "JSON Class Generator 1.4",
    "DevelopmentStatus": "Stable",
    "Description": "+ Support for TypeScript and VB.NET\n+ Paste & go (reads json from clipboards, writes code back)\n+ New option: Generate a single file\n* Fixed non-working CTRL+A shortcut in paste area'\n* Support for arrays at root level",
    "ReleasedDatge": "0001-01-01T00:00:00",
    "ModifiedDate": "2013-02-27T07:59:58.497-08:00",
    "Files": [
      {
        "Id": "b6ceda95-8d1b-4eef-a218-5c377590697f",
        "FileName": "JsonCSharpClassGenerator.zip",
        "Url": "./4/b6ceda95-8d1b-4eef-a218-5c377590697f",
        "Type": "Application",
        "UploadDate": "2013-02-27T07:59:58.2-08:00"
      }
    ]
  }
]