[
  {
    "Title": "Home",
    "Id": "858754",
    "ParentWikiTitle": "Home",
    "FileExtension": "codeplexwiki",
    "UpdatedDate": "2014-05-08T13:07:20.387-07:00",
    "FileAttachments": [
      {
        "Id": "20c217bf-2b36-4443-a47c-35bf7645c99d",
        "FileName": "json-screenshot.png",
        "DownloadUri": "./858754/20c217bf-2b36-4443-a47c-35bf7645c99d"
      },
      {
        "Id": "67989df9-d3b9-4812-ac99-a87b9a375e6d",
        "FileName": "json-csharp-class-generator.png",
        "DownloadUri": "./858754/67989df9-d3b9-4812-ac99-a87b9a375e6d"
      },
      {
        "Id": "9a18f75a-4c2e-494f-91e9-0005dee0d8da",
        "FileName": "jsoncsharpclassgenerator-files-code.png",
        "DownloadUri": "./858754/9a18f75a-4c2e-494f-91e9-0005dee0d8da"
      },
      {
        "Id": "554cb64d-e013-4148-9b07-5f672120f5d0",
        "FileName": "jsoncsharpclassgenerator-screenshot-narrow.png",
        "DownloadUri": "./858754/554cb64d-e013-4148-9b07-5f672120f5d0"
      },
      {
        "Id": "ce3a7b5e-4622-4844-be18-c8399c5e32e5",
        "FileName": "PoweredByNDepend.png",
        "DownloadUri": "./858754/ce3a7b5e-4622-4844-be18-c8399c5e32e5"
      }
    ]
  }
]
